<?xml version="1.0" encoding="utf-8"?>
<xinwen>
<news><news_id>1</news_id><news_title>计划噶是比较哈空间是读后感 </news_title><news_content>空间哈空间是打开了就好看文件和人口计划时刻记得发货快就是的恢复</news_content><news_adddate>16-10-09 09:09:17</news_adddate></news><news><news_id>2</news_id><news_title>自定义接口调用演示</news_title><news_content>自定义接口调用演示</news_content><news_adddate>16-11-28 09:52:04</news_adddate></news><news><news_id>3</news_id><news_title>自定义</news_title><news_content>自定义</news_content><news_adddate>16-11-28 10:03:44</news_adddate></news><news><news_id>4</news_id><news_title>调用</news_title><news_content>调用</news_content><news_adddate>16-11-28 10:04:35</news_adddate></news></xinwen>
