<?xml version="1.0" encoding="utf-8"?>
<xinwen>
  <news>
    <news_id>1</news_id>
    <news_title>多标签接口调用演示</news_title>
    <news_content>多标签接口调用演示</news_content>
    <news_adddate>16-10-04 11:47:09</news_adddate>
    <fontfacetitle>@font-face {font-family: 'minijianlinxin63588eb694452';src: url('//cdn.webfont.youziku.com/webfonts/selector/17490/19518/57f3cec163debf3d4bd965d5.gif');src: url('//cdn.webfont.youziku.com/webfonts/selector/17490/19518/57f3cec163debf3d4bd965d5.gif?#iefix') format('embedded-opentype'),     url('//cdn.webfont.youziku.com/webfonts/selector/17490/19518/57f3cec163debf3d4bd965d5.bmp') format('woff'),     url('//cdn.webfont.youziku.com/webfonts/selector/17490/19518/57f3cec163debf3d4bd965d5.jpg') format('truetype'),     url('//cdn.webfont.youziku.com/webfonts/selector/17490/19518/57f3cec163debf3d4bd965d5.png#minijianlinxin') format('svg');   }.title{font-family:'minijianlinxin63588eb694452'}</fontfacetitle>
    <fontfamilytitle>minijianlinxin63588eb694452</fontfamilytitle>
    <fontfacecontent>@font-face {font-family: 'minijianlinxin63588eba14452';src: url('//cdn.webfont.youziku.com/webfonts/selector/17490/19518/57f3cec163debf3d4bd965d6.gif');src: url('//cdn.webfont.youziku.com/webfonts/selector/17490/19518/57f3cec163debf3d4bd965d6.gif?#iefix') format('embedded-opentype'),     url('//cdn.webfont.youziku.com/webfonts/selector/17490/19518/57f3cec163debf3d4bd965d6.bmp') format('woff'),     url('//cdn.webfont.youziku.com/webfonts/selector/17490/19518/57f3cec163debf3d4bd965d6.jpg') format('truetype'),     url('//cdn.webfont.youziku.com/webfonts/selector/17490/19518/57f3cec163debf3d4bd965d6.png#minijianlinxin') format('svg');   }.content{font-family:'minijianlinxin63588eba14452'}</fontfacecontent>
    <fontfamilycontent>minijianlinxin63588eba14452</fontfamilycontent>
    <fontfaceadddate>@font-face {font-family: 'minijianlinxin63589d5944452';src: url('//cdn.webfont.youziku.com/webfonts/selector/17490/19518/57f3cefd63debf427c34db7a.gif');src: url('//cdn.webfont.youziku.com/webfonts/selector/17490/19518/57f3cefd63debf427c34db7a.gif?#iefix') format('embedded-opentype'),     url('//cdn.webfont.youziku.com/webfonts/selector/17490/19518/57f3cefd63debf427c34db7a.bmp') format('woff'),     url('//cdn.webfont.youziku.com/webfonts/selector/17490/19518/57f3cefd63debf427c34db7a.jpg') format('truetype'),     url('//cdn.webfont.youziku.com/webfonts/selector/17490/19518/57f3cefd63debf427c34db7a.png#minijianlinxin') format('svg');   }.adddate{font-family:'minijianlinxin63589d5944452'}</fontfaceadddate>
    <fontfamilyadddate>minijianlinxin63589d5944452</fontfamilyadddate>
  </news>
<news><news_id>2</news_id><news_title>和技术的火箭队季后赛的</news_title><news_content>叫阿三的就很热我呢满是对面那是大声的</news_content><news_adddate>16-10-04 11:56:39</news_adddate><fontfacetitle>@font-face {font-family: 'minijianlinxin6359286074452';src: url('//cdn.webfont.youziku.com/webfonts/selector/17490/19518/57f3d13663debf3d4bd965f1.gif');src: url('//cdn.webfont.youziku.com/webfonts/selector/17490/19518/57f3d13663debf3d4bd965f1.gif?#iefix') format('embedded-opentype'),     url('//cdn.webfont.youziku.com/webfonts/selector/17490/19518/57f3d13663debf3d4bd965f1.bmp') format('woff'),     url('//cdn.webfont.youziku.com/webfonts/selector/17490/19518/57f3d13663debf3d4bd965f1.jpg') format('truetype'),     url('//cdn.webfont.youziku.com/webfonts/selector/17490/19518/57f3d13663debf3d4bd965f1.png#minijianlinxin') format('svg');   }.title{font-family:'minijianlinxin6359286074452'}</fontfacetitle><fontfamilytitle>minijianlinxin6359286074452</fontfamilytitle><fontfacecontent>@font-face {font-family: 'minijianlinxin6359286384452';src: url('//cdn.webfont.youziku.com/webfonts/selector/17490/19518/57f3d13663debf3d4bd965f2.gif');src: url('//cdn.webfont.youziku.com/webfonts/selector/17490/19518/57f3d13663debf3d4bd965f2.gif?#iefix') format('embedded-opentype'),     url('//cdn.webfont.youziku.com/webfonts/selector/17490/19518/57f3d13663debf3d4bd965f2.bmp') format('woff'),     url('//cdn.webfont.youziku.com/webfonts/selector/17490/19518/57f3d13663debf3d4bd965f2.jpg') format('truetype'),     url('//cdn.webfont.youziku.com/webfonts/selector/17490/19518/57f3d13663debf3d4bd965f2.png#minijianlinxin') format('svg');   }.content{font-family:'minijianlinxin6359286384452'}</fontfacecontent><fontfamilycontent>minijianlinxin6359286384452</fontfamilycontent><fontfaceadddate>@font-face {font-family: 'minijianlinxin63592866e4452';src: url('//cdn.webfont.youziku.com/webfonts/selector/17490/19518/57f3d13663debf3d4bd965f3.gif');src: url('//cdn.webfont.youziku.com/webfonts/selector/17490/19518/57f3d13663debf3d4bd965f3.gif?#iefix') format('embedded-opentype'),     url('//cdn.webfont.youziku.com/webfonts/selector/17490/19518/57f3d13663debf3d4bd965f3.bmp') format('woff'),     url('//cdn.webfont.youziku.com/webfonts/selector/17490/19518/57f3d13663debf3d4bd965f3.jpg') format('truetype'),     url('//cdn.webfont.youziku.com/webfonts/selector/17490/19518/57f3d13663debf3d4bd965f3.png#minijianlinxin') format('svg');   }.adddate{font-family:'minijianlinxin63592866e4452'}</fontfaceadddate><fontfamilyadddate>minijianlinxin63592866e4452</fontfamilyadddate></news><news><news_id>3</news_id><news_title>2</news_title><news_content>2</news_content><news_adddate>16-11-28 09:51:03</news_adddate><fontfacetitle>@font-face {font-family: 'minijianlinxin7505d49484452';src: url('');src: url('?#iefix') format('embedded-opentype'),     url('//cdn.webfont.youziku.com/webfonts/selector/17490/19518/583c364563debf0aa3f90803.bmp') format('woff'),     url('') format('truetype'),     url('#minijianlinxin') format('svg');   }.title{font-family:'minijianlinxin7505d49484452' !important}</fontfacetitle><fontfamilytitle>minijianlinxin7505d49484452</fontfamilytitle><fontfacecontent>@font-face {font-family: 'minijianlinxin7505d497d4452';src: url('');src: url('?#iefix') format('embedded-opentype'),     url('//cdn.webfont.youziku.com/webfonts/selector/17490/19518/583c364563debf0aa3f90804.bmp') format('woff'),     url('') format('truetype'),     url('#minijianlinxin') format('svg');   }.content{font-family:'minijianlinxin7505d497d4452' !important}</fontfacecontent><fontfamilycontent>minijianlinxin7505d497d4452</fontfamilycontent><fontfaceadddate>@font-face {font-family: 'minijianlinxin7505d49b94452';src: url('');src: url('?#iefix') format('embedded-opentype'),     url('//cdn.webfont.youziku.com/webfonts/selector/17490/19518/583c364663debf0aa3f90805.bmp') format('woff'),     url('') format('truetype'),     url('#minijianlinxin') format('svg');   }.adddate{font-family:'minijianlinxin7505d49b94452' !important}</fontfaceadddate><fontfamilyadddate>minijianlinxin7505d49b94452</fontfamilyadddate></news><news><news_id>4</news_id><news_title>多标签接口调用演示</news_title><news_content>多标签接口调用演示</news_content><news_adddate>16-11-28 09:51:20</news_adddate><fontfacetitle>@font-face {font-family: 'minijianlinxin7505d8baa4452';src: url('');src: url('?#iefix') format('embedded-opentype'),     url('//cdn.webfont.youziku.com/webfonts/selector/17490/19518/583c365663debf0aa3f90809.bmp') format('woff'),     url('') format('truetype'),     url('#minijianlinxin') format('svg');   }.title{font-family:'minijianlinxin7505d8baa4452' !important}</fontfacetitle><fontfamilytitle>minijianlinxin7505d8baa4452</fontfamilytitle><fontfacecontent>@font-face {font-family: 'minijianlinxin7505d8bc54452';src: url('');src: url('?#iefix') format('embedded-opentype'),     url('//cdn.webfont.youziku.com/webfonts/selector/17490/19518/583c365663debf0aa3f9080a.bmp') format('woff'),     url('') format('truetype'),     url('#minijianlinxin') format('svg');   }.content{font-family:'minijianlinxin7505d8bc54452' !important}</fontfacecontent><fontfamilycontent>minijianlinxin7505d8bc54452</fontfamilycontent><fontfaceadddate>@font-face {font-family: 'minijianlinxin7505d8bed4452';src: url('');src: url('?#iefix') format('embedded-opentype'),     url('//cdn.webfont.youziku.com/webfonts/selector/17490/19518/583c365663debf0aa3f9080b.bmp') format('woff'),     url('') format('truetype'),     url('#minijianlinxin') format('svg');   }.adddate{font-family:'minijianlinxin7505d8bed4452' !important}</fontfaceadddate><fontfamilyadddate>minijianlinxin7505d8bed4452</fontfamilyadddate></news></xinwen>
